ext_acc_ratio,ext_acc_ratio_NNI,ext_acc_ratio_SPR,ext_N_accepted_NNI,ext_N_accepted_SPR,ext_N_total_NNI,ext_N_total_SPR,int_acc_ratio,int_N_accepted,int_N_total,log_P
0.42857142857142855,0.5,0.0,3,0,6,1,1.0,18,18,-125.86688782050977
0.2857142857142857,0.16666666666666666,1.0,1,1,6,1,0.8333333333333334,15,18,-122.88376868955199
0.42857142857142855,0.5,0.0,3,0,6,1,0.8888888888888888,16,18,-120.96853777791537
0.14285714285714285,0.16666666666666666,0.0,1,0,6,1,0.7777777777777778,14,18,-118.4320129525804
0.14285714285714285,0.16666666666666666,0.0,1,0,6,1,0.8888888888888888,16,18,-115.63809566899272
0.14285714285714285,0.16666666666666666,0.0,1,0,6,1,0.7777777777777778,14,18,-116.39854244815145
0.14285714285714285,0.16666666666666666,0.0,1,0,6,1,0.8333333333333334,15,18,-115.53064634322394
0.14285714285714285,0.16666666666666666,0.0,1,0,6,1,0.7222222222222222,13,18,-114.24204889897605
0.14285714285714285,0.16666666666666666,0.0,1,0,6,1,0.7222222222222222,13,18,-113.33088277536557
0.14285714285714285,0.16666666666666666,0.0,1,0,6,1,0.7777777777777778,14,18,-111.47447682209904
0.2857142857142857,0.3333333333333333,0.0,2,0,6,1,0.8333333333333334,15,18,-114.13188080704741
0.0,0.0,0.0,0,0,6,1,0.8888888888888888,16,18,-114.67576845769754
0.14285714285714285,0.16666666666666666,0.0,1,0,6,1,0.8333333333333334,15,18,-116.7304134429103
0.2857142857142857,0.3333333333333333,0.0,2,0,6,1,0.9444444444444444,17,18,-116.64649803624039
0.42857142857142855,0.5,0.0,3,0,6,1,0.7777777777777778,14,18,-117.47998125191353
0.5714285714285714,0.5,1.0,3,1,6,1,0.7777777777777778,14,18,-119.73067766535574
0.14285714285714285,0.16666666666666666,0.0,1,0,6,1,0.7222222222222222,13,18,-118.3734406002292
0.2857142857142857,0.3333333333333333,0.0,2,0,6,1,0.8888888888888888,16,18,-113.89462088287542
0.5714285714285714,0.6666666666666666,0.0,4,0,6,1,0.8888888888888888,16,18,-117.14421764601084
0.2857142857142857,0.16666666666666666,1.0,1,1,6,1,0.9444444444444444,17,18,-115.81575952638777
0.0,0.0,0.0,0,0,6,1,0.8888888888888888,16,18,-113.25561680051084
0.2857142857142857,0.3333333333333333,0.0,2,0,6,1,0.8888888888888888,16,18,-112.07941418608854
0.2857142857142857,0.3333333333333333,0.0,2,0,6,1,0.6111111111111112,11,18,-112.70155218188452
0.2857142857142857,0.16666666666666666,1.0,1,1,6,1,0.9444444444444444,17,18,-110.75097763313373
0.2857142857142857,0.3333333333333333,0.0,2,0,6,1,1.0,18,18,-115.58659590711322
0.14285714285714285,0.0,1.0,0,1,6,1,0.6666666666666666,12,18,-119.4728418782747
0.14285714285714285,0.16666666666666666,0.0,1,0,6,1,0.8333333333333334,15,18,-121.28139691100796
0.42857142857142855,0.3333333333333333,1.0,2,1,6,1,0.9444444444444444,17,18,-116.91948915740181
0.14285714285714285,0.16666666666666666,0.0,1,0,6,1,0.7777777777777778,14,18,-117.06134434336859
0.42857142857142855,0.3333333333333333,1.0,2,1,6,1,0.7777777777777778,14,18,-113.1070724508005
0.0,0.0,0.0,0,0,6,1,0.8888888888888888,16,18,-110.65692642103642
0.14285714285714285,0.0,1.0,0,1,6,1,0.7777777777777778,14,18,-109.07173107125952
0.14285714285714285,0.16666666666666666,0.0,1,0,6,1,0.9444444444444444,17,18,-108.23372987786847
0.14285714285714285,0.0,1.0,0,1,6,1,0.8888888888888888,16,18,-109.00375396068858
0.14285714285714285,0.16666666666666666,0.0,1,0,6,1,0.8333333333333334,15,18,-109.89185480600521
0.14285714285714285,0.16666666666666666,0.0,1,0,6,1,0.8333333333333334,15,18,-110.66095800802248
0.14285714285714285,0.0,1.0,0,1,6,1,0.8333333333333334,15,18,-109.42686803514032
0.0,0.0,0.0,0,0,6,1,0.8888888888888888,16,18,-108.47040346061809
0.2857142857142857,0.3333333333333333,0.0,2,0,6,1,0.8888888888888888,16,18,-112.32612812577615
0.2857142857142857,0.16666666666666666,1.0,1,1,6,1,0.8333333333333334,15,18,-114.0731436244272
0.0,0.0,0.0,0,0,6,1,0.8333333333333334,15,18,-111.13769788040679
0.14285714285714285,0.16666666666666666,0.0,1,0,6,1,0.8333333333333334,15,18,-111.76718852116865
0.0,0.0,0.0,0,0,6,1,1.0,18,18,-111.82523719497912
0.42857142857142855,0.5,0.0,3,0,6,1,0.7777777777777778,14,18,-112.09891493380255
0.2857142857142857,0.3333333333333333,0.0,2,0,6,1,0.9444444444444444,17,18,-108.97528772443391
0.14285714285714285,0.0,1.0,0,1,6,1,0.8888888888888888,16,18,-110.2120331706744
0.2857142857142857,0.3333333333333333,0.0,2,0,6,1,0.7222222222222222,13,18,-111.99138422987406
0.14285714285714285,0.16666666666666666,0.0,1,0,6,1,0.7222222222222222,13,18,-111.59905550587476
0.0,0.0,0.0,0,0,6,1,0.8333333333333334,15,18,-108.75994639480847
0.2857142857142857,0.3333333333333333,0.0,2,0,6,1,0.8333333333333334,15,18,-109.43136610439282
0.2857142857142857,0.3333333333333333,0.0,2,0,6,1,0.6666666666666666,12,18,-110.8452858639516
0.42857142857142855,0.3333333333333333,1.0,2,1,6,1,0.7222222222222222,13,18,-110.78081305749795
0.14285714285714285,0.16666666666666666,0.0,1,0,6,1,0.8888888888888888,16,18,-110.3525701763098
0.42857142857142855,0.5,0.0,3,0,6,1,0.8333333333333334,15,18,-109.8814356840598
0.0,0.0,0.0,0,0,6,1,0.7777777777777778,14,18,-110.70891665642131
0.14285714285714285,0.16666666666666666,0.0,1,0,6,1,0.8888888888888888,16,18,-109.11698726992425
0.2857142857142857,0.16666666666666666,1.0,1,1,6,1,0.9444444444444444,17,18,-108.88531624285038
0.0,0.0,0.0,0,0,6,1,0.8888888888888888,16,18,-107.0827703857453
0.2857142857142857,0.3333333333333333,0.0,2,0,6,1,0.8888888888888888,16,18,-106.9811024595555
0.0,0.0,0.0,0,0,6,1,0.9444444444444444,17,18,-108.5662327397649
0.2857142857142857,0.3333333333333333,0.0,2,0,6,1,0.8888888888888888,16,18,-106.70971075230642
0.42857142857142855,0.5,0.0,3,0,6,1,0.8888888888888888,16,18,-106.07070516042532
0.14285714285714285,0.16666666666666666,0.0,1,0,6,1,0.7222222222222222,13,18,-105.35278825031511
0.5714285714285714,0.6666666666666666,0.0,4,0,6,1,0.8888888888888888,16,18,-104.05591529560539
0.0,0.0,0.0,0,0,6,1,0.7777777777777778,14,18,-103.73428561276849
0.0,0.0,0.0,0,0,6,1,0.8888888888888888,16,18,-103.73770421544889
0.0,0.0,0.0,0,0,6,1,0.8333333333333334,15,18,-105.88306315085995
0.2857142857142857,0.3333333333333333,0.0,2,0,6,1,0.8888888888888888,16,18,-104.29280428941375
0.2857142857142857,0.3333333333333333,0.0,2,0,6,1,0.8888888888888888,16,18,-107.63256771131836
0.2857142857142857,0.3333333333333333,0.0,2,0,6,1,0.7777777777777778,14,18,-106.11709663102572
0.14285714285714285,0.16666666666666666,0.0,1,0,6,1,0.8888888888888888,16,18,-105.27423339876877
0.0,0.0,0.0,0,0,6,1,0.6666666666666666,12,18,-106.37568620823937
0.14285714285714285,0.16666666666666666,0.0,1,0,6,1,0.8888888888888888,16,18,-105.8920263635084
0.14285714285714285,0.16666666666666666,0.0,1,0,6,1,0.8888888888888888,16,18,-106.32679586228373
0.42857142857142855,0.5,0.0,3,0,6,1,0.7777777777777778,14,18,-105.42040129413492
0.2857142857142857,0.3333333333333333,0.0,2,0,6,1,0.7222222222222222,13,18,-107.14847590733704
0.42857142857142855,0.5,0.0,3,0,6,1,0.7777777777777778,14,18,-108.06547247849625
0.2857142857142857,0.3333333333333333,0.0,2,0,6,1,0.8888888888888888,16,18,-105.87282840772049
0.2857142857142857,0.3333333333333333,0.0,2,0,6,1,0.7777777777777778,14,18,-106.32891973031525
0.14285714285714285,0.16666666666666666,0.0,1,0,6,1,1.0,18,18,-104.4871532613563
0.0,0.0,0.0,0,0,6,1,0.8333333333333334,15,18,-106.16462306216239
0.0,0.0,0.0,0,0,6,1,0.9444444444444444,17,18,-106.08498908968082
0.0,0.0,0.0,0,0,6,1,0.7777777777777778,14,18,-107.06471640899815
0.0,0.0,0.0,0,0,6,1,1.0,18,18,-107.82473843466012
0.14285714285714285,0.16666666666666666,0.0,1,0,6,1,0.8888888888888888,16,18,-105.88148754379958
0.2857142857142857,0.16666666666666666,1.0,1,1,6,1,0.8888888888888888,16,18,-106.50352936225183
0.14285714285714285,0.16666666666666666,0.0,1,0,6,1,0.7777777777777778,14,18,-104.06284715657638
0.0,0.0,0.0,0,0,6,1,0.8333333333333334,15,18,-104.21684937213566
0.14285714285714285,0.16666666666666666,0.0,1,0,6,1,0.8333333333333334,15,18,-107.87109184205492
0.0,0.0,0.0,0,0,6,1,0.7777777777777778,14,18,-109.58421473342582
0.0,0.0,0.0,0,0,6,1,0.8333333333333334,15,18,-108.37582367734144
0.14285714285714285,0.16666666666666666,0.0,1,0,6,1,0.8888888888888888,16,18,-107.737299470967
0.0,0.0,0.0,0,0,6,1,0.7777777777777778,14,18,-108.52285635965534
0.14285714285714285,0.0,1.0,0,1,6,1,0.8888888888888888,16,18,-105.49806321348075
0.14285714285714285,0.16666666666666666,0.0,1,0,6,1,0.9444444444444444,17,18,-108.01050747054852
0.14285714285714285,0.0,1.0,0,1,6,1,0.7222222222222222,13,18,-109.96668202597726
0.14285714285714285,0.16666666666666666,0.0,1,0,6,1,0.8888888888888888,16,18,-107.44764396977104
0.14285714285714285,0.16666666666666666,0.0,1,0,6,1,0.8333333333333334,15,18,-106.04030083262022
0.14285714285714285,0.16666666666666666,0.0,1,0,6,1,0.8888888888888888,16,18,-105.25208130104846
0.14285714285714285,0.0,1.0,0,1,6,1,0.7222222222222222,13,18,-102.75623968298832
0.14285714285714285,0.16666666666666666,0.0,1,0,6,1,0.7222222222222222,13,18,-104.83474641216608
0.14285714285714285,0.16666666666666666,0.0,1,0,6,1,1.0,18,18,-103.5929786908533
0.14285714285714285,0.16666666666666666,0.0,1,0,6,1,0.9444444444444444,17,18,-103.54844751137463
0.14285714285714285,0.16666666666666666,0.0,1,0,6,1,0.8888888888888888,16,18,-103.27284236762884
0.14285714285714285,0.16666666666666666,0.0,1,0,6,1,0.8333333333333334,15,18,-102.1788860512549
0.14285714285714285,0.16666666666666666,0.0,1,0,6,1,0.7777777777777778,14,18,-103.27380047797482
0.14285714285714285,0.16666666666666666,0.0,1,0,6,1,0.7777777777777778,14,18,-105.12801188364136
0.2857142857142857,0.3333333333333333,0.0,2,0,6,1,0.7777777777777778,14,18,-109.12952709233454
0.0,0.0,0.0,0,0,6,1,0.8333333333333334,15,18,-107.56315101744971
0.5714285714285714,0.5,1.0,3,1,6,1,0.8333333333333334,15,18,-109.94317770015178
0.2857142857142857,0.3333333333333333,0.0,2,0,6,1,0.7777777777777778,14,18,-110.56745171156638
0.42857142857142855,0.3333333333333333,1.0,2,1,6,1,0.7222222222222222,13,18,-111.46071508971521
0.14285714285714285,0.16666666666666666,0.0,1,0,6,1,0.8333333333333334,15,18,-112.31630866195759
0.0,0.0,0.0,0,0,6,1,0.9444444444444444,17,18,-112.06709386345673
0.14285714285714285,0.0,1.0,0,1,6,1,0.8888888888888888,16,18,-111.19671793874836
0.14285714285714285,0.16666666666666666,0.0,1,0,6,1,0.8333333333333334,15,18,-112.27655888704895
0.42857142857142855,0.3333333333333333,1.0,2,1,6,1,0.7777777777777778,14,18,-111.17599143630372
0.0,0.0,0.0,0,0,6,1,0.8333333333333334,15,18,-111.69264337722733
0.14285714285714285,0.16666666666666666,0.0,1,0,6,1,0.8333333333333334,15,18,-111.5440609435082
0.5714285714285714,0.5,1.0,3,1,6,1,0.8333333333333334,15,18,-111.42573727130153
0.2857142857142857,0.16666666666666666,1.0,1,1,6,1,0.8333333333333334,15,18,-112.50813973822294
0.14285714285714285,0.0,1.0,0,1,6,1,0.8888888888888888,16,18,-112.36283411094216
0.14285714285714285,0.16666666666666666,0.0,1,0,6,1,0.8333333333333334,15,18,-113.78492297434796
0.42857142857142855,0.5,0.0,3,0,6,1,0.8888888888888888,16,18,-108.78541818020098
0.14285714285714285,0.16666666666666666,0.0,1,0,6,1,0.8333333333333334,15,18,-107.95064248104725
0.0,0.0,0.0,0,0,6,1,0.8333333333333334,15,18,-102.72490854221735
0.14285714285714285,0.16666666666666666,0.0,1,0,6,1,0.7222222222222222,13,18,-102.98330261260544
0.42857142857142855,0.5,0.0,3,0,6,1,0.8333333333333334,15,18,-104.32324175486956
0.14285714285714285,0.16666666666666666,0.0,1,0,6,1,0.8888888888888888,16,18,-102.23998154600315
0.0,0.0,0.0,0,0,6,1,0.8888888888888888,16,18,-100.58604013391974
0.0,0.0,0.0,0,0,6,1,0.8333333333333334,15,18,-99.15790094126213
0.0,0.0,0.0,0,0,6,1,0.8888888888888888,16,18,-98.98149093901729
0.0,0.0,0.0,0,0,6,1,0.7777777777777778,14,18,-101.34059548446373
0.0,0.0,0.0,0,0,6,1,0.8333333333333334,15,18,-101.19602566570786
0.0,0.0,0.0,0,0,6,1,0.8888888888888888,16,18,-99.93899133096996
0.2857142857142857,0.3333333333333333,0.0,2,0,6,1,0.8888888888888888,16,18,-101.98181927747612
0.0,0.0,0.0,0,0,6,1,0.8888888888888888,16,18,-101.02781128678643
0.14285714285714285,0.16666666666666666,0.0,1,0,6,1,0.8888888888888888,16,18,-101.73175180010604
0.0,0.0,0.0,0,0,6,1,0.8333333333333334,15,18,-101.54069693979417
0.14285714285714285,0.16666666666666666,0.0,1,0,6,1,1.0,18,18,-100.43430672430081
0.2857142857142857,0.3333333333333333,0.0,2,0,6,1,0.9444444444444444,17,18,-101.01141167498423
0.0,0.0,0.0,0,0,6,1,0.8888888888888888,16,18,-100.92148314422893
0.0,0.0,0.0,0,0,6,1,0.7777777777777778,14,18,-102.12776868295269
0.0,0.0,0.0,0,0,6,1,0.9444444444444444,17,18,-103.09730137966594
0.14285714285714285,0.16666666666666666,0.0,1,0,6,1,0.6111111111111112,11,18,-102.7127888324998
0.2857142857142857,0.3333333333333333,0.0,2,0,6,1,0.8888888888888888,16,18,-104.99294815410394
0.2857142857142857,0.3333333333333333,0.0,2,0,6,1,0.8333333333333334,15,18,-102.93024849517109
0.0,0.0,0.0,0,0,6,1,0.8888888888888888,16,18,-103.03821048149507
0.2857142857142857,0.3333333333333333,0.0,2,0,6,1,0.7777777777777778,14,18,-101.83791990947992
0.2857142857142857,0.3333333333333333,0.0,2,0,6,1,0.8888888888888888,16,18,-102.45651305838254
0.14285714285714285,0.16666666666666666,0.0,1,0,6,1,0.7777777777777778,14,18,-104.75363712329742
0.14285714285714285,0.16666666666666666,0.0,1,0,6,1,0.9444444444444444,17,18,-104.2095971785428
0.0,0.0,0.0,0,0,6,1,0.7222222222222222,13,18,-105.23679976196951
0.14285714285714285,0.16666666666666666,0.0,1,0,6,1,0.8888888888888888,16,18,-105.62353870167317
0.2857142857142857,0.3333333333333333,0.0,2,0,6,1,0.8333333333333334,15,18,-105.30713468714714
0.14285714285714285,0.0,1.0,0,1,6,1,0.7777777777777778,14,18,-106.69941435147577
0.14285714285714285,0.16666666666666666,0.0,1,0,6,1,0.8888888888888888,16,18,-105.98076939743201
0.14285714285714285,0.16666666666666666,0.0,1,0,6,1,0.8333333333333334,15,18,-105.31142342038238
0.14285714285714285,0.16666666666666666,0.0,1,0,6,1,1.0,18,18,-105.16154602555955
0.0,0.0,0.0,0,0,6,1,0.7777777777777778,14,18,-107.2350076649926
0.42857142857142855,0.3333333333333333,1.0,2,1,6,1,0.7222222222222222,13,18,-110.09317629086064
0.14285714285714285,0.16666666666666666,0.0,1,0,6,1,0.8888888888888888,16,18,-110.82473185907853
0.14285714285714285,0.16666666666666666,0.0,1,0,6,1,0.8888888888888888,16,18,-114.85338143588861
0.14285714285714285,0.16666666666666666,0.0,1,0,6,1,0.8333333333333334,15,18,-110.26159636578659
0.0,0.0,0.0,0,0,6,1,0.8888888888888888,16,18,-109.28720107279754
0.14285714285714285,0.16666666666666666,0.0,1,0,6,1,0.8333333333333334,15,18,-108.45051491261296
0.0,0.0,0.0,0,0,6,1,0.9444444444444444,17,18,-105.93003638025742
0.14285714285714285,0.16666666666666666,0.0,1,0,6,1,0.8888888888888888,16,18,-107.00648372436231
0.0,0.0,0.0,0,0,6,1,1.0,18,18,-108.0753806504282
0.0,0.0,0.0,0,0,6,1,0.7222222222222222,13,18,-107.2962033023651
0.14285714285714285,0.16666666666666666,0.0,1,0,6,1,0.7222222222222222,13,18,-107.86156178163954
0.0,0.0,0.0,0,0,6,1,0.8333333333333334,15,18,-108.49920715893367
0.2857142857142857,0.3333333333333333,0.0,2,0,6,1,0.9444444444444444,17,18,-107.79977634726956
0.0,0.0,0.0,0,0,6,1,0.9444444444444444,17,18,-108.9210863977872
0.2857142857142857,0.3333333333333333,0.0,2,0,6,1,0.7777777777777778,14,18,-106.3868691492323
0.0,0.0,0.0,0,0,6,1,0.9444444444444444,17,18,-103.80745749513387
0.14285714285714285,0.16666666666666666,0.0,1,0,6,1,0.8888888888888888,16,18,-102.74493236663622
0.2857142857142857,0.16666666666666666,1.0,1,1,6,1,0.8333333333333334,15,18,-104.8207874683277
0.14285714285714285,0.16666666666666666,0.0,1,0,6,1,0.8333333333333334,15,18,-105.13331507710542
0.2857142857142857,0.3333333333333333,0.0,2,0,6,1,0.7777777777777778,14,18,-105.30119018797501
0.0,0.0,0.0,0,0,6,1,0.7222222222222222,13,18,-104.93487827845621
0.42857142857142855,0.5,0.0,3,0,6,1,0.9444444444444444,17,18,-104.41713572235058
0.14285714285714285,0.16666666666666666,0.0,1,0,6,1,0.8333333333333334,15,18,-105.43346864717901
0.2857142857142857,0.3333333333333333,0.0,2,0,6,1,0.8333333333333334,15,18,-103.19982092168972
0.2857142857142857,0.3333333333333333,0.0,2,0,6,1,0.8888888888888888,16,18,-102.62765951874104
0.42857142857142855,0.5,0.0,3,0,6,1,0.8333333333333334,15,18,-101.86916162175673
0.42857142857142855,0.5,0.0,3,0,6,1,0.6666666666666666,12,18,-106.338839974128
0.42857142857142855,0.5,0.0,3,0,6,1,0.7777777777777778,14,18,-103.47050170802957
0.14285714285714285,0.16666666666666666,0.0,1,0,6,1,0.8333333333333334,15,18,-103.61745480695696
0.2857142857142857,0.3333333333333333,0.0,2,0,6,1,0.8888888888888888,16,18,-102.86555152366032
0.2857142857142857,0.16666666666666666,1.0,1,1,6,1,0.8888888888888888,16,18,-102.18347435628951
0.42857142857142855,0.5,0.0,3,0,6,1,0.7222222222222222,13,18,-102.26973106071246
0.0,0.0,0.0,0,0,6,1,0.8888888888888888,16,18,-102.59286831977435
0.2857142857142857,0.16666666666666666,1.0,1,1,6,1,0.9444444444444444,17,18,-103.67727822559927
0.0,0.0,0.0,0,0,6,1,0.6666666666666666,12,18,-104.507630294603
0.0,0.0,0.0,0,0,6,1,0.7777777777777778,14,18,-106.0876334829186
0.0,0.0,0.0,0,0,6,1,0.7777777777777778,14,18,-106.02090328445375
0.14285714285714285,0.16666666666666666,0.0,1,0,6,1,0.7777777777777778,14,18,-104.91985307376612
0.0,0.0,0.0,0,0,6,1,0.7777777777777778,14,18,-103.62948853295707
0.14285714285714285,0.0,1.0,0,1,6,1,0.9444444444444444,17,18,-101.68126320917072
0.0,0.0,0.0,0,0,6,1,1.0,18,18,-103.49356270759245
0.2857142857142857,0.3333333333333333,0.0,2,0,6,1,0.8888888888888888,16,18,-104.20634430482762
0.0,0.0,0.0,0,0,6,1,0.8333333333333334,15,18,-104.86907839647697
0.42857142857142855,0.5,0.0,3,0,6,1,0.9444444444444444,17,18,-104.32334235288299
0.2857142857142857,0.3333333333333333,0.0,2,0,6,1,0.8888888888888888,16,18,-102.00557803922077
0.0,0.0,0.0,0,0,6,1,0.6111111111111112,11,18,-102.47064567908456
0.14285714285714285,0.16666666666666666,0.0,1,0,6,1,0.7222222222222222,13,18,-102.89236196413725
0.0,0.0,0.0,0,0,6,1,0.7777777777777778,14,18,-102.12421154998366
0.42857142857142855,0.3333333333333333,1.0,2,1,6,1,0.7777777777777778,14,18,-101.90051879836308
0.14285714285714285,0.16666666666666666,0.0,1,0,6,1,0.8333333333333334,15,18,-105.02638014399629
0.14285714285714285,0.16666666666666666,0.0,1,0,6,1,0.8333333333333334,15,18,-105.50608954526126
0.14285714285714285,0.16666666666666666,0.0,1,0,6,1,0.8888888888888888,16,18,-104.13592955479719
0.0,0.0,0.0,0,0,6,1,0.8888888888888888,16,18,-103.15954342523614
0.2857142857142857,0.3333333333333333,0.0,2,0,6,1,0.8888888888888888,16,18,-104.5771535146631
0.0,0.0,0.0,0,0,6,1,0.8888888888888888,16,18,-105.52496873244625
0.14285714285714285,0.0,1.0,0,1,6,1,0.7777777777777778,14,18,-104.41041368216571
0.14285714285714285,0.16666666666666666,0.0,1,0,6,1,0.8333333333333334,15,18,-104.29530494479013
0.2857142857142857,0.3333333333333333,0.0,2,0,6,1,0.8888888888888888,16,18,-104.62850363192051
0.0,0.0,0.0,0,0,6,1,0.8888888888888888,16,18,-103.0070988887541
0.14285714285714285,0.16666666666666666,0.0,1,0,6,1,0.8888888888888888,16,18,-101.21399749964007
0.2857142857142857,0.3333333333333333,0.0,2,0,6,1,0.8333333333333334,15,18,-101.8017708449341
0.14285714285714285,0.16666666666666666,0.0,1,0,6,1,0.8333333333333334,15,18,-102.73417746266608
0.0,0.0,0.0,0,0,6,1,0.7777777777777778,14,18,-101.91277414642805
0.2857142857142857,0.16666666666666666,1.0,1,1,6,1,0.8333333333333334,15,18,-102.42872766039547
0.14285714285714285,0.16666666666666666,0.0,1,0,6,1,0.8888888888888888,16,18,-103.73761360411001
0.42857142857142855,0.3333333333333333,1.0,2,1,6,1,1.0,18,18,-103.88776622488086
0.14285714285714285,0.16666666666666666,0.0,1,0,6,1,0.8333333333333334,15,18,-103.24723859229844
0.0,0.0,0.0,0,0,6,1,0.7777777777777778,14,18,-102.88117306528252
0.14285714285714285,0.16666666666666666,0.0,1,0,6,1,0.8888888888888888,16,18,-103.35915751458847
0.14285714285714285,0.16666666666666666,0.0,1,0,6,1,0.8888888888888888,16,18,-101.33818089719557
0.0,0.0,0.0,0,0,6,1,0.7777777777777778,14,18,-102.09262330074672
0.0,0.0,0.0,0,0,6,1,0.8888888888888888,16,18,-100.40587376344176
0.2857142857142857,0.16666666666666666,1.0,1,1,6,1,0.7777777777777778,14,18,-103.65321449318847
0.0,0.0,0.0,0,0,6,1,0.8888888888888888,16,18,-101.95589715061652
0.14285714285714285,0.16666666666666666,0.0,1,0,6,1,0.5555555555555556,10,18,-103.05188470549642
0.2857142857142857,0.3333333333333333,0.0,2,0,6,1,0.8888888888888888,16,18,-101.9181572456391
0.0,0.0,0.0,0,0,6,1,0.7777777777777778,14,18,-101.5266494306625
0.0,0.0,0.0,0,0,6,1,0.7777777777777778,14,18,-101.43013419726111
0.14285714285714285,0.16666666666666666,0.0,1,0,6,1,0.8333333333333334,15,18,-103.37915055219675
0.0,0.0,0.0,0,0,6,1,0.9444444444444444,17,18,-100.74067475375786
0.0,0.0,0.0,0,0,6,1,1.0,18,18,-102.187035163138
0.0,0.0,0.0,0,0,6,1,0.9444444444444444,17,18,-102.88525492449322
0.14285714285714285,0.16666666666666666,0.0,1,0,6,1,0.8888888888888888,16,18,-103.17777681360522
0.14285714285714285,0.16666666666666666,0.0,1,0,6,1,0.8888888888888888,16,18,-104.38975569863328
0.0,0.0,0.0,0,0,6,1,0.8888888888888888,16,18,-106.60811653946817
0.42857142857142855,0.3333333333333333,1.0,2,1,6,1,0.7222222222222222,13,18,-103.55279082184641
0.5714285714285714,0.6666666666666666,0.0,4,0,6,1,0.7777777777777778,14,18,-103.64631763478764
0.0,0.0,0.0,0,0,6,1,0.8888888888888888,16,18,-102.55236482772516
0.14285714285714285,0.16666666666666666,0.0,1,0,6,1,0.8333333333333334,15,18,-100.17137627654404
0.42857142857142855,0.3333333333333333,1.0,2,1,6,1,0.8333333333333334,15,18,-101.53751675591324
0.0,0.0,0.0,0,0,6,1,0.8888888888888888,16,18,-101.46442434531554
0.0,0.0,0.0,0,0,6,1,1.0,18,18,-100.86668165350594
0.14285714285714285,0.16666666666666666,0.0,1,0,6,1,0.8333333333333334,15,18,-102.95772720496548
0.2857142857142857,0.3333333333333333,0.0,2,0,6,1,0.8333333333333334,15,18,-100.76118201333875
0.14285714285714285,0.0,1.0,0,1,6,1,0.9444444444444444,17,18,-103.8976435955849
0.42857142857142855,0.5,0.0,3,0,6,1,0.7222222222222222,13,18,-103.71405852881317
0.42857142857142855,0.5,0.0,3,0,6,1,0.8333333333333334,15,18,-101.24328525469336
0.14285714285714285,0.0,1.0,0,1,6,1,0.7222222222222222,13,18,-104.93144988726861
0.0,0.0,0.0,0,0,6,1,0.7222222222222222,13,18,-102.04741864421355
0.14285714285714285,0.0,1.0,0,1,6,1,0.7777777777777778,14,18,-101.14016602220484
0.14285714285714285,0.16666666666666666,0.0,1,0,6,1,0.7222222222222222,13,18,-100.621607237723
0.14285714285714285,0.16666666666666666,0.0,1,0,6,1,0.8333333333333334,15,18,-101.77158268438127
0.2857142857142857,0.3333333333333333,0.0,2,0,6,1,0.9444444444444444,17,18,-101.45617053317483
0.2857142857142857,0.3333333333333333,0.0,2,0,6,1,0.9444444444444444,17,18,-100.92343455934002
0.0,0.0,0.0,0,0,6,1,0.9444444444444444,17,18,-101.54399978954444
0.0,0.0,0.0,0,0,6,1,0.9444444444444444,17,18,-99.99119705946407
0.0,0.0,0.0,0,0,6,1,0.7777777777777778,14,18,-99.72210482373848
0.14285714285714285,0.16666666666666666,0.0,1,0,6,1,0.9444444444444444,17,18,-99.80620313546771
0.0,0.0,0.0,0,0,6,1,0.8333333333333334,15,18,-99.48792929118508
0.0,0.0,0.0,0,0,6,1,0.7777777777777778,14,18,-99.21563909476072
0.0,0.0,0.0,0,0,6,1,0.8333333333333334,15,18,-100.52347569093125
0.2857142857142857,0.16666666666666666,1.0,1,1,6,1,0.8333333333333334,15,18,-100.68917441952829
0.0,0.0,0.0,0,0,6,1,0.9444444444444444,17,18,-103.44974487665874
0.14285714285714285,0.16666666666666666,0.0,1,0,6,1,0.6111111111111112,11,18,-106.97981039526044
0.0,0.0,0.0,0,0,6,1,0.8333333333333334,15,18,-107.11291040167652
0.0,0.0,0.0,0,0,6,1,0.8888888888888888,16,18,-105.53488684395955
0.14285714285714285,0.16666666666666666,0.0,1,0,6,1,0.8888888888888888,16,18,-102.93474541125215
0.2857142857142857,0.3333333333333333,0.0,2,0,6,1,0.8333333333333334,15,18,-105.49821996383149
0.14285714285714285,0.16666666666666666,0.0,1,0,6,1,0.8333333333333334,15,18,-105.55588396583113
0.14285714285714285,0.16666666666666666,0.0,1,0,6,1,0.9444444444444444,17,18,-104.9023791678696
0.42857142857142855,0.5,0.0,3,0,6,1,0.8888888888888888,16,18,-103.4143393333025
0.0,0.0,0.0,0,0,6,1,0.7777777777777778,14,18,-103.93912231735672
0.0,0.0,0.0,0,0,6,1,0.9444444444444444,17,18,-105.00026154179923
0.14285714285714285,0.16666666666666666,0.0,1,0,6,1,0.7777777777777778,14,18,-102.30362386048687
0.14285714285714285,0.16666666666666666,0.0,1,0,6,1,0.8333333333333334,15,18,-102.99381277601006
0.42857142857142855,0.3333333333333333,1.0,2,1,6,1,0.8888888888888888,16,18,-102.75333096466488
0.14285714285714285,0.16666666666666666,0.0,1,0,6,1,0.9444444444444444,17,18,-102.75122047529428
0.0,0.0,0.0,0,0,6,1,0.8333333333333334,15,18,-103.53030144781516
0.14285714285714285,0.16666666666666666,0.0,1,0,6,1,0.8888888888888888,16,18,-100.66745282759993
0.0,0.0,0.0,0,0,6,1,0.8333333333333334,15,18,-101.32377575097206
0.0,0.0,0.0,0,0,6,1,0.7777777777777778,14,18,-104.05300922926737
0.0,0.0,0.0,0,0,6,1,0.7222222222222222,13,18,-101.41921971342417
0.14285714285714285,0.16666666666666666,0.0,1,0,6,1,0.8333333333333334,15,18,-103.35230336954771
0.14285714285714285,0.16666666666666666,0.0,1,0,6,1,1.0,18,18,-102.04708746217955
0.0,0.0,0.0,0,0,6,1,0.9444444444444444,17,18,-103.32140642421624
0.0,0.0,0.0,0,0,6,1,0.8888888888888888,16,18,-100.45718236443828
0.2857142857142857,0.16666666666666666,1.0,1,1,6,1,0.9444444444444444,17,18,-102.57632615547816
0.0,0.0,0.0,0,0,6,1,0.6666666666666666,12,18,-102.41407821339847
0.14285714285714285,0.16666666666666666,0.0,1,0,6,1,0.8888888888888888,16,18,-106.40274853493386
0.0,0.0,0.0,0,0,6,1,0.8888888888888888,16,18,-105.65100760374749
0.2857142857142857,0.3333333333333333,0.0,2,0,6,1,0.6111111111111112,11,18,-106.75896311525679
0.2857142857142857,0.3333333333333333,0.0,2,0,6,1,0.7777777777777778,14,18,-107.80748425663238
0.14285714285714285,0.16666666666666666,0.0,1,0,6,1,0.7222222222222222,13,18,-105.86575251394939
0.14285714285714285,0.16666666666666666,0.0,1,0,6,1,0.8333333333333334,15,18,-102.27866013692449
0.0,0.0,0.0,0,0,6,1,0.9444444444444444,17,18,-102.78981689368865
0.42857142857142855,0.3333333333333333,1.0,2,1,6,1,0.8333333333333334,15,18,-106.3360827749994
0.0,0.0,0.0,0,0,6,1,0.7222222222222222,13,18,-107.21187097045993
0.42857142857142855,0.3333333333333333,1.0,2,1,6,1,1.0,18,18,-104.36719330184525
0.14285714285714285,0.0,1.0,0,1,6,1,1.0,18,18,-105.98836437952055
0.14285714285714285,0.0,1.0,0,1,6,1,0.8888888888888888,16,18,-106.30770000010143
0.14285714285714285,0.16666666666666666,0.0,1,0,6,1,0.8888888888888888,16,18,-107.12784246221499
0.14285714285714285,0.16666666666666666,0.0,1,0,6,1,0.8333333333333334,15,18,-109.44088791659756
0.14285714285714285,0.16666666666666666,0.0,1,0,6,1,0.8333333333333334,15,18,-109.82434685026026
0.14285714285714285,0.16666666666666666,0.0,1,0,6,1,0.7222222222222222,13,18,-110.0113047908961
0.2857142857142857,0.16666666666666666,1.0,1,1,6,1,0.8888888888888888,16,18,-101.49740968904825
0.2857142857142857,0.16666666666666666,1.0,1,1,6,1,0.6666666666666666,12,18,-102.88037553839833
0.14285714285714285,0.16666666666666666,0.0,1,0,6,1,0.7222222222222222,13,18,-101.71764446795076
0.42857142857142855,0.5,0.0,3,0,6,1,0.8888888888888888,16,18,-106.80092461386468
0.14285714285714285,0.16666666666666666,0.0,1,0,6,1,0.8888888888888888,16,18,-104.97999370574966
0.0,0.0,0.0,0,0,6,1,0.9444444444444444,17,18,-106.33872467567299
0.42857142857142855,0.5,0.0,3,0,6,1,0.8888888888888888,16,18,-107.2741482866328
0.2857142857142857,0.3333333333333333,0.0,2,0,6,1,0.8888888888888888,16,18,-107.96825989417489
0.2857142857142857,0.16666666666666666,1.0,1,1,6,1,0.7222222222222222,13,18,-108.0665994794981
0.42857142857142855,0.5,0.0,3,0,6,1,0.9444444444444444,17,18,-107.32757287744282
0.2857142857142857,0.3333333333333333,0.0,2,0,6,1,0.9444444444444444,17,18,-106.00734253278996
0.14285714285714285,0.16666666666666666,0.0,1,0,6,1,0.8888888888888888,16,18,-105.41236137509344
0.0,0.0,0.0,0,0,6,1,0.7777777777777778,14,18,-106.10323779145702
0.2857142857142857,0.16666666666666666,1.0,1,1,6,1,0.8333333333333334,15,18,-111.14936385619386
0.42857142857142855,0.3333333333333333,1.0,2,1,6,1,0.8333333333333334,15,18,-109.18036528497515
0.2857142857142857,0.16666666666666666,1.0,1,1,6,1,0.8333333333333334,15,18,-108.29380155296022
0.42857142857142855,0.3333333333333333,1.0,2,1,6,1,0.7222222222222222,13,18,-108.41788953416145
0.14285714285714285,0.16666666666666666,0.0,1,0,6,1,0.8888888888888888,16,18,-110.3022387266013
0.2857142857142857,0.3333333333333333,0.0,2,0,6,1,0.8333333333333334,15,18,-110.77497618602227
0.2857142857142857,0.3333333333333333,0.0,2,0,6,1,0.7777777777777778,14,18,-108.83204256395135
0.2857142857142857,0.16666666666666666,1.0,1,1,6,1,0.8333333333333334,15,18,-105.67339638996117
0.14285714285714285,0.0,1.0,0,1,6,1,0.8333333333333334,15,18,-104.1323107708549
0.0,0.0,0.0,0,0,6,1,0.8888888888888888,16,18,-104.15830855035128
0.14285714285714285,0.16666666666666666,0.0,1,0,6,1,0.7222222222222222,13,18,-106.29287486089781
0.14285714285714285,0.16666666666666666,0.0,1,0,6,1,0.8888888888888888,16,18,-106.20332361096897
0.0,0.0,0.0,0,0,6,1,0.9444444444444444,17,18,-104.47814912047552
0.42857142857142855,0.3333333333333333,1.0,2,1,6,1,0.8333333333333334,15,18,-103.72381173758698
0.14285714285714285,0.16666666666666666,0.0,1,0,6,1,0.8888888888888888,16,18,-103.9621745585996
0.0,0.0,0.0,0,0,6,1,0.7222222222222222,13,18,-106.04650768386401
0.0,0.0,0.0,0,0,6,1,0.9444444444444444,17,18,-102.65195926954888
0.0,0.0,0.0,0,0,6,1,1.0,18,18,-103.24280811607719
0.14285714285714285,0.16666666666666666,0.0,1,0,6,1,0.8888888888888888,16,18,-103.37872721891202
0.14285714285714285,0.16666666666666666,0.0,1,0,6,1,0.8888888888888888,16,18,-102.4537570516764
0.14285714285714285,0.16666666666666666,0.0,1,0,6,1,0.8333333333333334,15,18,-104.23294194470232
0.0,0.0,0.0,0,0,6,1,0.9444444444444444,17,18,-104.19699823956822
0.2857142857142857,0.3333333333333333,0.0,2,0,6,1,1.0,18,18,-103.28184649090899
0.0,0.0,0.0,0,0,6,1,0.7777777777777778,14,18,-104.31293533764702
0.2857142857142857,0.3333333333333333,0.0,2,0,6,1,0.7777777777777778,14,18,-106.32381923385269
0.14285714285714285,0.16666666666666666,0.0,1,0,6,1,1.0,18,18,-101.34584091605595
0.0,0.0,0.0,0,0,6,1,0.8888888888888888,16,18,-101.42146473836898
0.0,0.0,0.0,0,0,6,1,0.8333333333333334,15,18,-101.25064564781071
0.0,0.0,0.0,0,0,6,1,0.8888888888888888,16,18,-101.12364502169869
0.0,0.0,0.0,0,0,6,1,0.9444444444444444,17,18,-102.2978791792432
0.14285714285714285,0.16666666666666666,0.0,1,0,6,1,0.8888888888888888,16,18,-102.85910348932396
0.14285714285714285,0.16666666666666666,0.0,1,0,6,1,0.8333333333333334,15,18,-102.88760815815994
0.14285714285714285,0.16666666666666666,0.0,1,0,6,1,0.8333333333333334,15,18,-101.7887227444506
0.0,0.0,0.0,0,0,6,1,0.8888888888888888,16,18,-100.707084917034
0.0,0.0,0.0,0,0,6,1,0.8333333333333334,15,18,-101.12692083683818
0.14285714285714285,0.0,1.0,0,1,6,1,0.8888888888888888,16,18,-104.04048892861503
0.0,0.0,0.0,0,0,6,1,0.8888888888888888,16,18,-105.24379122009054
0.0,0.0,0.0,0,0,6,1,0.5555555555555556,10,18,-105.33802007915027
0.14285714285714285,0.16666666666666666,0.0,1,0,6,1,0.7777777777777778,14,18,-106.15120457817473
0.42857142857142855,0.3333333333333333,1.0,2,1,6,1,0.8888888888888888,16,18,-104.35129937677891
0.2857142857142857,0.16666666666666666,1.0,1,1,6,1,0.8333333333333334,15,18,-107.39294520346223
0.0,0.0,0.0,0,0,6,1,0.9444444444444444,17,18,-104.87779149471315
0.0,0.0,0.0,0,0,6,1,0.7777777777777778,14,18,-105.52800720397089
0.2857142857142857,0.16666666666666666,1.0,1,1,6,1,0.9444444444444444,17,18,-105.87724432091565
0.0,0.0,0.0,0,0,6,1,0.8888888888888888,16,18,-106.74023697534379
0.14285714285714285,0.16666666666666666,0.0,1,0,6,1,0.7777777777777778,14,18,-108.99904494396756
0.42857142857142855,0.5,0.0,3,0,6,1,0.7777777777777778,14,18,-107.70278483058539
0.14285714285714285,0.16666666666666666,0.0,1,0,6,1,0.8888888888888888,16,18,-110.25472083590392
0.14285714285714285,0.16666666666666666,0.0,1,0,6,1,1.0,18,18,-107.74583088639383
0.0,0.0,0.0,0,0,6,1,0.7777777777777778,14,18,-107.01359918543689
0.2857142857142857,0.3333333333333333,0.0,2,0,6,1,0.8888888888888888,16,18,-108.31340120793146
0.2857142857142857,0.16666666666666666,1.0,1,1,6,1,0.7777777777777778,14,18,-108.64493918270517
0.2857142857142857,0.3333333333333333,0.0,2,0,6,1,0.8888888888888888,16,18,-105.24650193122297
0.2857142857142857,0.3333333333333333,0.0,2,0,6,1,0.8888888888888888,16,18,-106.11786618017673
0.14285714285714285,0.16666666666666666,0.0,1,0,6,1,0.8333333333333334,15,18,-105.03247176883514
0.2857142857142857,0.3333333333333333,0.0,2,0,6,1,0.7222222222222222,13,18,-106.5379164495489
0.14285714285714285,0.16666666666666666,0.0,1,0,6,1,0.7777777777777778,14,18,-104.88140040017433
0.14285714285714285,0.16666666666666666,0.0,1,0,6,1,0.9444444444444444,17,18,-103.25546543229132
0.0,0.0,0.0,0,0,6,1,0.8888888888888888,16,18,-101.92863585153096
0.0,0.0,0.0,0,0,6,1,0.8888888888888888,16,18,-103.31014076052752
0.14285714285714285,0.16666666666666666,0.0,1,0,6,1,0.7222222222222222,13,18,-102.52130745289452
0.42857142857142855,0.5,0.0,3,0,6,1,0.9444444444444444,17,18,-103.66571709642947
0.2857142857142857,0.3333333333333333,0.0,2,0,6,1,1.0,18,18,-102.09299007950698
0.42857142857142855,0.5,0.0,3,0,6,1,0.8888888888888888,16,18,-103.06558044858876
0.0,0.0,0.0,0,0,6,1,0.8888888888888888,16,18,-103.01951946925215
0.0,0.0,0.0,0,0,6,1,0.7222222222222222,13,18,-103.00770063645619
0.0,0.0,0.0,0,0,6,1,1.0,18,18,-103.4618480866982
0.5714285714285714,0.5,1.0,3,1,6,1,0.8888888888888888,16,18,-101.96422496791384
0.42857142857142855,0.3333333333333333,1.0,2,1,6,1,0.8333333333333334,15,18,-101.58190186161704
0.0,0.0,0.0,0,0,6,1,0.9444444444444444,17,18,-101.5049375846084
0.14285714285714285,0.16666666666666666,0.0,1,0,6,1,0.7222222222222222,13,18,-103.77565631378464
0.14285714285714285,0.16666666666666666,0.0,1,0,6,1,0.8888888888888888,16,18,-108.50330410280569
0.42857142857142855,0.5,0.0,3,0,6,1,0.7777777777777778,14,18,-105.74645017115868
0.14285714285714285,0.16666666666666666,0.0,1,0,6,1,0.8888888888888888,16,18,-102.92640714727823
0.0,0.0,0.0,0,0,6,1,0.9444444444444444,17,18,-103.1570854348938
0.2857142857142857,0.3333333333333333,0.0,2,0,6,1,0.9444444444444444,17,18,-104.04654121073979
0.14285714285714285,0.16666666666666666,0.0,1,0,6,1,0.7777777777777778,14,18,-102.49632976109031
0.14285714285714285,0.0,1.0,0,1,6,1,0.9444444444444444,17,18,-102.73680639914187
0.2857142857142857,0.3333333333333333,0.0,2,0,6,1,0.7777777777777778,14,18,-104.31867006046738
0.2857142857142857,0.3333333333333333,0.0,2,0,6,1,0.6111111111111112,11,18,-104.43200862957742
0.2857142857142857,0.16666666666666666,1.0,1,1,6,1,1.0,18,18,-104.3485931593018
0.14285714285714285,0.16666666666666666,0.0,1,0,6,1,0.8888888888888888,16,18,-103.60038070360515
0.14285714285714285,0.0,1.0,0,1,6,1,0.8333333333333334,15,18,-102.21782422901826
0.14285714285714285,0.16666666666666666,0.0,1,0,6,1,0.9444444444444444,17,18,-102.98895419351243
0.0,0.0,0.0,0,0,6,1,0.7222222222222222,13,18,-105.28873245416962
0.0,0.0,0.0,0,0,6,1,0.8333333333333334,15,18,-101.30570772980592
0.2857142857142857,0.3333333333333333,0.0,2,0,6,1,0.8888888888888888,16,18,-100.80549593412624
0.2857142857142857,0.16666666666666666,1.0,1,1,6,1,0.9444444444444444,17,18,-101.1202965946235
0.2857142857142857,0.3333333333333333,0.0,2,0,6,1,0.7777777777777778,14,18,-101.48781315063708
0.0,0.0,0.0,0,0,6,1,0.8333333333333334,15,18,-101.70117489839272
0.14285714285714285,0.16666666666666666,0.0,1,0,6,1,0.8888888888888888,16,18,-107.27962566495958
0.14285714285714285,0.16666666666666666,0.0,1,0,6,1,0.8333333333333334,15,18,-109.74364950930314
0.0,0.0,0.0,0,0,6,1,0.7222222222222222,13,18,-110.402461684634
0.42857142857142855,0.5,0.0,3,0,6,1,0.7222222222222222,13,18,-108.36837940528723
0.0,0.0,0.0,0,0,6,1,0.6666666666666666,12,18,-111.48207502040927
0.0,0.0,0.0,0,0,6,1,0.8333333333333334,15,18,-107.83102935614804
0.2857142857142857,0.3333333333333333,0.0,2,0,6,1,0.7222222222222222,13,18,-109.12239382633398
0.2857142857142857,0.3333333333333333,0.0,2,0,6,1,1.0,18,18,-110.83709380509092
0.0,0.0,0.0,0,0,6,1,0.8333333333333334,15,18,-108.73832400836687
0.2857142857142857,0.16666666666666666,1.0,1,1,6,1,0.7222222222222222,13,18,-107.66129770656958
0.42857142857142855,0.3333333333333333,1.0,2,1,6,1,0.7777777777777778,14,18,-108.10427598481252
0.14285714285714285,0.0,1.0,0,1,6,1,0.8333333333333334,15,18,-102.99427852199568
0.14285714285714285,0.0,1.0,0,1,6,1,0.9444444444444444,17,18,-102.28227676747603
0.14285714285714285,0.0,1.0,0,1,6,1,0.7777777777777778,14,18,-100.56261067109773
0.0,0.0,0.0,0,0,6,1,0.9444444444444444,17,18,-101.26337627718922
0.0,0.0,0.0,0,0,6,1,0.8888888888888888,16,18,-101.1350223866489
0.14285714285714285,0.0,1.0,0,1,6,1,0.8333333333333334,15,18,-102.80454665576818
0.2857142857142857,0.16666666666666666,1.0,1,1,6,1,0.8333333333333334,15,18,-103.50733754750325
0.0,0.0,0.0,0,0,6,1,0.7222222222222222,13,18,-103.25433590142092
0.2857142857142857,0.3333333333333333,0.0,2,0,6,1,0.9444444444444444,17,18,-102.65725503521512
0.2857142857142857,0.16666666666666666,1.0,1,1,6,1,0.7222222222222222,13,18,-102.7820682473423
0.14285714285714285,0.0,1.0,0,1,6,1,0.8888888888888888,16,18,-102.6260787502267
0.42857142857142855,0.3333333333333333,1.0,2,1,6,1,0.8333333333333334,15,18,-102.33538408304214
0.0,0.0,0.0,0,0,6,1,0.8888888888888888,16,18,-101.13411389605211
0.0,0.0,0.0,0,0,6,1,0.8333333333333334,15,18,-100.1165437391436
0.0,0.0,0.0,0,0,6,1,0.7777777777777778,14,18,-102.86133248927918
0.14285714285714285,0.16666666666666666,0.0,1,0,6,1,0.9444444444444444,17,18,-103.88156864777562
0.14285714285714285,0.0,1.0,0,1,6,1,0.8888888888888888,16,18,-105.43090837696
0.2857142857142857,0.3333333333333333,0.0,2,0,6,1,0.8888888888888888,16,18,-104.5514972381209
0.2857142857142857,0.16666666666666666,1.0,1,1,6,1,0.8888888888888888,16,18,-105.1792812604704
0.0,0.0,0.0,0,0,6,1,0.8888888888888888,16,18,-106.24888058060289
0.0,0.0,0.0,0,0,6,1,0.8333333333333334,15,18,-103.95986881661483
0.0,0.0,0.0,0,0,6,1,0.8333333333333334,15,18,-105.7215827676287
0.14285714285714285,0.16666666666666666,0.0,1,0,6,1,0.7777777777777778,14,18,-106.63730218885729
0.14285714285714285,0.16666666666666666,0.0,1,0,6,1,0.7777777777777778,14,18,-105.17193091733431
0.14285714285714285,0.16666666666666666,0.0,1,0,6,1,0.8333333333333334,15,18,-105.70915277954549
0.42857142857142855,0.5,0.0,3,0,6,1,0.8888888888888888,16,18,-103.36798041359421
0.2857142857142857,0.16666666666666666,1.0,1,1,6,1,0.8888888888888888,16,18,-102.4392112332497
0.14285714285714285,0.16666666666666666,0.0,1,0,6,1,0.7222222222222222,13,18,-101.5897867382835
0.0,0.0,0.0,0,0,6,1,0.7222222222222222,13,18,-102.06459361263205
0.0,0.0,0.0,0,0,6,1,0.8888888888888888,16,18,-103.2310868953081
0.0,0.0,0.0,0,0,6,1,0.9444444444444444,17,18,-105.47465970089728
0.14285714285714285,0.0,1.0,0,1,6,1,0.8888888888888888,16,18,-106.40616257152404
0.2857142857142857,0.3333333333333333,0.0,2,0,6,1,0.8888888888888888,16,18,-105.86104157477598
0.14285714285714285,0.16666666666666666,0.0,1,0,6,1,0.7777777777777778,14,18,-108.4605668950799
0.2857142857142857,0.3333333333333333,0.0,2,0,6,1,0.7777777777777778,14,18,-108.96260001534786
0.14285714285714285,0.16666666666666666,0.0,1,0,6,1,0.9444444444444444,17,18,-111.47898623541005
0.2857142857142857,0.3333333333333333,0.0,2,0,6,1,0.8888888888888888,16,18,-109.25363060963952
0.2857142857142857,0.3333333333333333,0.0,2,0,6,1,0.7777777777777778,14,18,-109.76141873156492
0.14285714285714285,0.16666666666666666,0.0,1,0,6,1,0.6666666666666666,12,18,-108.61943279301003
0.14285714285714285,0.16666666666666666,0.0,1,0,6,1,0.8333333333333334,15,18,-110.49604560548923
0.14285714285714285,0.16666666666666666,0.0,1,0,6,1,0.8888888888888888,16,18,-108.96637221692792
0.14285714285714285,0.16666666666666666,0.0,1,0,6,1,0.8333333333333334,15,18,-107.82057762222065
0.2857142857142857,0.3333333333333333,0.0,2,0,6,1,0.8333333333333334,15,18,-103.0283373474394
0.2857142857142857,0.16666666666666666,1.0,1,1,6,1,0.9444444444444444,17,18,-104.50584045211494
0.14285714285714285,0.16666666666666666,0.0,1,0,6,1,0.9444444444444444,17,18,-105.86383301410925
0.0,0.0,0.0,0,0,6,1,0.8333333333333334,15,18,-106.95492646571668
0.14285714285714285,0.16666666666666666,0.0,1,0,6,1,0.8888888888888888,16,18,-113.38491895144904
0.42857142857142855,0.3333333333333333,1.0,2,1,6,1,0.7222222222222222,13,18,-114.08986526142364
0.2857142857142857,0.3333333333333333,0.0,2,0,6,1,0.6666666666666666,12,18,-108.04070636850454
0.0,0.0,0.0,0,0,6,1,0.7222222222222222,13,18,-106.88099736979336
0.14285714285714285,0.16666666666666666,0.0,1,0,6,1,1.0,18,18,-108.8705164551181
0.2857142857142857,0.3333333333333333,0.0,2,0,6,1,0.8888888888888888,16,18,-108.71646064636948
0.0,0.0,0.0,0,0,6,1,0.7777777777777778,14,18,-109.87061722351454
0.5714285714285714,0.6666666666666666,0.0,4,0,6,1,0.8888888888888888,16,18,-111.54329353762397
0.0,0.0,0.0,0,0,6,1,0.7777777777777778,14,18,-112.27556991673673
0.0,0.0,0.0,0,0,6,1,0.7222222222222222,13,18,-110.82096172931476
0.14285714285714285,0.16666666666666666,0.0,1,0,6,1,0.9444444444444444,17,18,-108.73877381100789
0.2857142857142857,0.3333333333333333,0.0,2,0,6,1,0.9444444444444444,17,18,-110.17519376197029
0.2857142857142857,0.3333333333333333,0.0,2,0,6,1,0.7777777777777778,14,18,-108.97407561371806
0.0,0.0,0.0,0,0,6,1,0.7222222222222222,13,18,-107.88596489424265
0.0,0.0,0.0,0,0,6,1,0.8333333333333334,15,18,-106.68698558505422
0.14285714285714285,0.16666666666666666,0.0,1,0,6,1,0.7777777777777778,14,18,-107.26829665404604
0.2857142857142857,0.3333333333333333,0.0,2,0,6,1,0.8333333333333334,15,18,-109.87557232288167
0.14285714285714285,0.16666666666666666,0.0,1,0,6,1,0.9444444444444444,17,18,-111.15999758196952
0.5714285714285714,0.5,1.0,3,1,6,1,0.7222222222222222,13,18,-116.26761391935604
0.0,0.0,0.0,0,0,6,1,0.7222222222222222,13,18,-116.1086610717922
0.14285714285714285,0.16666666666666666,0.0,1,0,6,1,0.7777777777777778,14,18,-113.46110337641507
0.14285714285714285,0.16666666666666666,0.0,1,0,6,1,0.7777777777777778,14,18,-112.3167118351391
0.14285714285714285,0.16666666666666666,0.0,1,0,6,1,0.8888888888888888,16,18,-109.41827150267967
0.2857142857142857,0.3333333333333333,0.0,2,0,6,1,0.8333333333333334,15,18,-110.19227816936
0.14285714285714285,0.16666666666666666,0.0,1,0,6,1,0.7222222222222222,13,18,-112.30310463830835
0.14285714285714285,0.16666666666666666,0.0,1,0,6,1,1.0,18,18,-108.63904823313192
